1,"	Amelia Smith	",30,"	Coaching	",62073,"	Sep	","	Google Awards	"
2,"	Olivia Jones	",69,"	Doctor	",10665,"	Jan	","	Facebook	"
3,"	Emily Taylor	",69,"	IT	",44979,"	Mar	","	Facebook	"
4,"	Ava Williams	",29,"	Doctor	",63701,"	Oct	","	Google Awards	"
5,"	Isla Brown	",42,"	Coaching	",13802,"	Nov	","	Third Party	"
6,"	Jessica Davies	",61,"	Teaching	",24304,"	Nov	","	Google Awards	"
7,"	Poppy Evans	",24,"	Lawyer	",7976,"	Nov	","	Facebook	"
8,"	Isabella Wilson	",34,"	Doctor	",50948,"	May	","	Third Party	"
9,"	Sophie Thomas	",69,"	Lawyer	",38824,"	Mar	","	Yellow Page	"
10,"	Mia Roberts	",51,"	Teaching	",41420,"	Sep	","	Google Awards	"
11,"	Ruby Johnson	",22,"	Self employed	",43578,"	Jul	","	Yellow Page	"
12,"	Lily Lewis	",58,"	Doctor	",19100,"	May	","	Friend Referal	"
13,"	Grace Walker	",28,"	Coaching	",27064,"	Jan	","	Third Party	"
14,"	Evie Robinson	",41,"	Teaching	",27114,"	May	","	Friend Referal	"
15,"	Sophia Wood	",49,"	Consulting	",18246,"	Jan	","	Facebook	"
16,"	Ella Thompson	",50,"	Self employed	",20865,"	Oct	","	Friend Referal	"
17,"	Scarlett White	",53,"	Lawyer	",38633,"	Jan	","	Friend Referal	"
18,"	Chloe Watson	",27,"	IT	",56744,"	Apr	","	Third Party	"
19,"	Isabelle Jackson	",31,"	Teaching	",53136,"	Aug	","	Friend Referal	"
20,"	Freya Wright	",28,"	Coaching	",12927,"	Sep	","	Third Party	"
21,"	Charlotte Green	",28,"	Coaching	",70445,"	Aug	","	Yellow Page	"
22,"	Sienna Harris	",53,"	Enginnering	",26207,"	Feb	","	Yellow Page	"
23,"	Daisy Cooper	",52,"	Self employed	",72901,"	Jun	","	Friend Referal	"
24,"	Phoebe King	",68,"	Coaching	",26821,"	Sep	","	Google Awards	"
25,"	Millie Lee	",50,"	Enginnering	",60687,"	Mar	","	Third Party	"
26,"	Eva Martin	",37,"	Doctor	",61390,"	Jun	","	Yellow Page	"
27,"	Alice Clarke	",67,"	Doctor	",67292,"	Sep	","	Yellow Page	"
28,"	Lucy James	",22,"	Self employed	",24262,"	Jun	","	Facebook	"
29,"	Florence Morgan	",50,"	Coaching	",12273,"	May	","	Google Awards	"
30,"	Sofia Hughes	",52,"	Coaching	",49778,"	Dec	","	Yellow Page	"
31,"	Layla Edwards	",55,"	Consulting	",67322,"	Dec	","	Facebook	"
32,"	Lola Hill	",53,"	Coaching	",12598,"	Apr	","	Friend Referal	"
33,"	Holly Moore	",64,"	Doctor	",44278,"	Jan	","	Third Party	"
34,"	Imogen Clark	",52,"	Teaching	",13197,"	Jul	","	Friend Referal	"
35,"	Molly Harrison	",60,"	Doctor	",18443,"	Jan	","	Third Party	"
36,"	Matilda Scott	",58,"	Consulting	",39585,"	Jan	","	Third Party	"
37,"	Lilly Young	",37,"	Lawyer	",29983,"	Mar	","	Facebook	"
38,"	Rosie Morris	",45,"	Teaching	",39910,"	Feb	","	Google Awards	"
39,"	Elizabeth Hall	",66,"	Coaching	",54912,"	Aug	","	Yellow Page	"
40,"	Erin Ward	",49,"	Doctor	",62012,"	Feb	","	Google Awards	"
41,"	Maisie Turner	",40,"	Lawyer	",20684,"	May	","	Friend Referal	"
42,"	Lexi Carter	",52,"	Lawyer	",64629,"	Sep	","	Google Awards	"
43,"	Ellie Phillips	",47,"	Doctor	",54976,"	Dec	","	Facebook	"
44,"	Hannah Mitchell	",67,"	Self employed	",7657,"	Feb	","	Facebook	"
45,"	Evelyn Patel	",34,"	Lawyer	",61378,"	May	","	Google Awards	"
46,"	Abigail Adams	",32,"	Self employed	",8523,"	Feb	","	Facebook	"
47,"	Elsie Campbell	",62,"	Coaching	",46414,"	Dec	","	Friend Referal	"
48,"	Summer Anderson	",69,"	Enginnering	",44764,"	Jun	","	Google Awards	"
49,"	Megan Allen	",47,"	Coaching	",54074,"	Dec	","	Google Awards	"
50,"	Jasmine Cook	",35,"	Enginnering	",46724,"	Jun	","	Yellow Page	"
51,"	Maya 	",33,"	Enginnering	",36472,"	Jul	","	Facebook	"
52,"	Amelie Bailey	",62,"	Teaching	",10024,"	Aug	","	Friend Referal	"
53,"	Lacey Parker	",59,"	Self employed	",11961,"	Mar	","	Friend Referal	"
54,"	Willow Miller	",56,"	IT	",17577,"	May	","	Google Awards	"
55,"	Emma Davis	",36,"	Enginnering	",73160,"	Jul	","	Facebook	"
56,"	Bella Murphy	",49,"	Consulting	",65349,"	Aug	","	Third Party	"
57,"	Eleanor Price	",42,"	Lawyer	",35268,"	Sep	","	Friend Referal	"
58,"	Esme Bell	",29,"	Consulting	",45863,"	Oct	","	Facebook	"
59,"	Eliza Baker	",23,"	Consulting	",29500,"	Dec	","	Third Party	"
60,"	Georgia Griffiths	",41,"	Teaching	",47714,"	Feb	","	Facebook	"
61,"	Harriet Kelly	",59,"	Teaching	",29305,"	Sep	","	Third Party	"
62,"	Gracie Simpson	",40,"	Consulting	",16800,"	Oct	","	Yellow Page	"
63,"	Annabelle Marshall	",41,"	Enginnering	",11628,"	Feb	","	Google Awards	"
64,"	Emilia Collins	",43,"	Teaching	",49221,"	Apr	","	Yellow Page	"
65,"	Amber Bennett	",48,"	Teaching	",50000,"	Feb	","	Friend Referal	"
66,"	Ivy Cox	",58,"	Consulting	",38722,"	Jul	","	Google Awards	"
67,"	Brooke Richardson	",34,"	IT	",63930,"	Oct	","	Third Party	"
68,"	Rose Fox	",45,"	Teaching	",75266,"	Sep	","	Facebook	"
69,"	Anna Gray	",44,"	Enginnering	",37909,"	Nov	","	Yellow Page	"
70,"	Zara Rose	",60,"	Enginnering	",62673,"	Sep	","	Third Party	"
71,"	Leah Chapman	",39,"	Enginnering	",41581,"	Mar	","	Google Awards	"
72,"	Mollie Hunt	",33,"	Teaching	",23864,"	Dec	","	Google Awards	"
73,"	Martha Robertson	",59,"	IT	",39988,"	Jan	","	Third Party	"
74,"	Faith Shaw	",32,"	Self employed	",22197,"	Dec	","	Friend Referal	"
75,"	Hollie Reynolds	",42,"	Consulting	",51303,"	May	","	Friend Referal	"
76,"	Amy Lloyd	",51,"	Doctor	",8519,"	Oct	","	Facebook	"
77,"	Bethany Ellis	",48,"	Consulting	",59603,"	Mar	","	Yellow Page	"
78,"	Violet Richards	",68,"	IT	",47588,"	Jan	","	Friend Referal	"
79,"	Katie Russell	",48,"	Coaching	",56918,"	Jun	","	Friend Referal	"
80,"	Maryam Wilkinson	",26,"	Enginnering	",43712,"	Oct	","	Yellow Page	"
81,"	Francesca Khan	",42,"	Teaching	",70112,"	May	","	Google Awards	"
82,"	Julia Graham	",24,"	IT	",11321,"	Sep	","	Yellow Page	"
83,"	Maria Stewart	",47,"	Enginnering	",69353,"	Dec	","	Friend Referal	"
84,"	Darcey Reid	",41,"	Self employed	",49854,"	Jul	","	Google Awards	"
85,"	Isabel Murray	",22,"	Self employed	",51454,"	Jan	","	Facebook	"
86,"	Tilly Powell	",52,"	Doctor	",38279,"	Feb	","	Third Party	"
87,"	Maddison Palmer	",30,"	Doctor	",17703,"	Aug	","	Yellow Page	"
88,"	Victoria Holmes	",42,"	Lawyer	",67776,"	May	","	Yellow Page	"
89,"	Isobel Rogers	",23,"	Self employed	",42676,"	Aug	","	Friend Referal	"
90,"	Niamh Stevens	",65,"	IT	",36200,"	Feb	","	Google Awards	"
91,"	Skye Walsh	",38,"	Teaching	",56898,"	Jul	","	Friend Referal	"
92,"	Madison Hunter	",57,"	Coaching	",36333,"	Jan	","	Facebook	"
93,"	Darcy Thomson	",61,"	Self employed	",13376,"	Apr	","	Friend Referal	"
94,"	Aisha Matthews	",47,"	Teaching	",53006,"	Aug	","	Yellow Page	"
95,"	Beatrice Ross	",27,"	Consulting	",52537,"	Jul	","	Google Awards	"
96,"	Sarah Owen	",47,"	IT	",18997,"	Feb	","	Yellow Page	"
97,"	Zoe Mason	",42,"	IT	",42677,"	Aug	","	Third Party	"
98,"	Paige Knight	",33,"	Self employed	",13375,"	Aug	","	Yellow Page	"
99,"	Heidi Kennedy	",44,"	Lawyer	",72039,"	Nov	","	Friend Referal	"
100,"	Lydia Butler	",48,"	Enginnering	",65825,"	Jun	","	Third Party	"
101,"	Sara Saunders	",38,"	Lawyer	",15410,"	Feb	","	Third Party	"
102,"	Oliver 	",57,"	Teaching	",75317,"	Jan	","	Third Party	"
103,"	Jack Cole	",43,"	Coaching	",44739,"	Mar	","	Google Awards	"
104,"	Harry Pearce	",31,"	Consulting	",18153,"	Aug	","	Friend Referal	"
105,"	Jacob Dean	",60,"	Lawyer	",63046,"	Feb	","	Friend Referal	"
106,"	Charlie Foster	",49,"	Consulting	",47228,"	May	","	Facebook	"
107,"	Thomas Harvey	",32,"	Enginnering	",30465,"	Mar	","	Friend Referal	"
108,"	Oscar Hudson	",24,"	Coaching	",36154,"	May	","	Google Awards	"
109,"	William Gibson	",30,"	Lawyer	",19842,"	Nov	","	Facebook	"
110,"	James Mills	",60,"	Consulting	",17039,"	Apr	","	Yellow Page	"
111,"	George Berry	",42,"	Coaching	",74165,"	Aug	","	Third Party	"
112,"	Alfie Barnes	",26,"	Coaching	",21795,"	Jun	","	Yellow Page	"
113,"	Joshua Pearson	",35,"	Enginnering	",60630,"	May	","	Google Awards	"
114,"	Noah Kaur	",27,"	Consulting	",8991,"	May	","	Third Party	"
115,"	Ethan Booth	",62,"	IT	",67852,"	Nov	","	Facebook	"
116,"	Muhammad Dixon	",40,"	Consulting	",57139,"	Jul	","	Yellow Page	"
117,"	Archie Grant	",65,"	Self employed	",31992,"	Oct	","	Google Awards	"
118,"	Leo Gordon	",45,"	Coaching	",66065,"	Jul	","	Third Party	"
119,"	Henry Lane	",70,"	Self employed	",19501,"	Mar	","	Friend Referal	"
120,"	Joseph Harper	",67,"	IT	",57034,"	Jun	","	Friend Referal	"
121,"	Samuel Ali	",59,"	Lawyer	",66927,"	Jan	","	Google Awards	"
122,"	Riley Hart	",58,"	IT	",50034,"	Jan	","	Friend Referal	"
123,"	Daniel Mcdonald	",32,"	Coaching	",13157,"	Apr	","	Yellow Page	"
124,"	Mohammed Brooks	",45,"	Coaching	",66006,"	Dec	","	Google Awards	"
125,"	Alexander Ryan	",42,"	IT	",62845,"	Jun	","	Yellow Page	"
126,"	Max Carr	",23,"	Lawyer	",15106,"	May	","	Yellow Page	"
127,"	Lucas Macdonald	",26,"	Enginnering	",16623,"	Nov	","	Yellow Page	"
128,"	Mason Hamilton	",33,"	Teaching	",12336,"	Dec	","	Facebook	"
129,"	Logan Johnston	",70,"	Teaching	",19935,"	Nov	","	Friend Referal	"
130,"	Isaac West	",54,"	Doctor	",74549,"	Mar	","	Third Party	"
131,"	Benjamin Gill	",42,"	Lawyer	",17024,"	May	","	Facebook	"
132,"	Dylan Dawson	",70,"	Coaching	",46239,"	May	","	Yellow Page	"
133,"	Jake Armstrong	",55,"	Consulting	",22193,"	Nov	","	Friend Referal	"
134,"	Edward Gardner	",50,"	IT	",26737,"	Feb	","	Google Awards	"
135,"	Finley Stone	",68,"	IT	",75017,"	Nov	","	Google Awards	"
136,"	Freddie Andrews	",44,"	Enginnering	",67138,"	Feb	","	Third Party	"
137,"	Harrison Williamson	",59,"	Coaching	",36692,"	Feb	","	Facebook	"
138,"	Tyler Barker	",59,"	Teaching	",75015,"	Feb	","	Google Awards	"
139,"	Sebastian George	",37,"	Enginnering	",29581,"	Jul	","	Friend Referal	"
140,"	Zachary Fisher	",65,"	Teaching	",15355,"	Aug	","	Google Awards	"
141,"	Adam Cunningham	",27,"	Teaching	",47413,"	Jan	","	Yellow Page	"
142,"	Theo Watts	",42,"	Lawyer	",66344,"	Mar	","	Third Party	"
143,"	Jayden Webb	",52,"	Teaching	",68105,"	Nov	","	Facebook	"
144,"	Arthur Lawrence	",34,"	Coaching	",60726,"	Mar	","	Google Awards	"
145,"	Toby Bradley	",65,"	Teaching	",8274,"	Sep	","	Friend Referal	"
146,"	Luke Jenkins	",58,"	Consulting	",15721,"	Apr	","	Google Awards	"
147,"	Lewis Wells	",53,"	Enginnering	",37924,"	Oct	","	Friend Referal	"
148,"	Matthew Chambers	",51,"	Lawyer	",6997,"	Sep	","	Facebook	"
149,"	Harvey Spencer	",70,"	Coaching	",69999,"	May	","	Third Party	"
150,"	Harley Poole	",58,"	Lawyer	",26431,"	Feb	","	Friend Referal	"
151,"	David Atkinson	",53,"	IT	",19143,"	Feb	","	Google Awards	"
152,"	Ryan Lawson	",43,"	Lawyer	",69407,"	Mar	","	Facebook	"
153,"	Tommy Lawson	",24,"	Teaching	",42157,"	Nov	","	Facebook	"
154,"	Michael Day	",44,"	Self employed	",64707,"	Feb	","	Facebook	"
155,"	Reuben Woods	",26,"	Lawyer	",46585,"	Feb	","	Third Party	"
156,"	Nathan Rees	",53,"	Lawyer	",15816,"	Jul	","	Google Awards	"
157,"	Blake Fraser	",68,"	Consulting	",73826,"	Apr	","	Third Party	"
158,"	Mohammad Black	",68,"	Teaching	",7080,"	Jun	","	Facebook	"
159,"	Jenson Fletcher	",60,"	Teaching	",19743,"	Apr	","	Yellow Page	"
160,"	Bobby Hussain	",34,"	Self employed	",21008,"	Jul	","	Facebook	"
161,"	Luca Willis	",36,"	Lawyer	",63972,"	Mar	","	Third Party	"
162,"	Charles Marsh	",65,"	Self employed	",37888,"	Mar	","	Facebook	"
163,"	Frankie Ahmed	",47,"	Teaching	",71217,"	May	","	Yellow Page	"
164,"	Dexter Doyle	",49,"	Enginnering	",26304,"	Oct	","	Friend Referal	"
165,"	Kai Lowe	",46,"	Consulting	",40286,"	Apr	","	Facebook	"
166,"	Alex Burns	",54,"	Coaching	",61635,"	Nov	","	Yellow Page	"
167,"	Connor Hopkins	",65,"	Self employed	",32656,"	May	","	Third Party	"
168,"	Liam Nicholson	",45,"	Consulting	",18137,"	Nov	","	Google Awards	"
169,"	Jamie Parry	",26,"	Teaching	",30789,"	Nov	","	Facebook	"
170,"	Elijah Newman	",24,"	Teaching	",16652,"	Oct	","	Friend Referal	"
171,"	Stanley Jordan	",62,"	Enginnering	",31620,"	Jul	","	Facebook	"
172,"	Louie Henderson	",40,"	Teaching	",56933,"	Mar	","	Facebook	"
173,"	Jude Howard	",50,"	Lawyer	",65451,"	Feb	","	Friend Referal	"
174,"	Callum Barrett	",49,"	Lawyer	",22382,"	Mar	","	Facebook	"
175,"	Hugo Burton	",70,"	Enginnering	",11725,"	Apr	","	Third Party	"
176,"	Leon Riley	",46,"	Coaching	",6700,"	Apr	","	Friend Referal	"
177,"	Elliot Porter	",63,"	Lawyer	",69336,"	May	","	Third Party	"
178,"	Louis Byrne	",59,"	Teaching	",51308,"	Dec	","	Facebook	"
179,"	Theodore Houghton	",68,"	Enginnering	",71283,"	Jan	","	Google Awards	"
180,"	Gabriel John	",27,"	Lawyer	",61043,"	Sep	","	Google Awards	"
181,"	Ollie Perry	",51,"	Self employed	",10492,"	Sep	","	Facebook	"
182,"	Aaron Baxter	",37,"	Coaching	",9761,"	Oct	","	Yellow Page	"
183,"	Frederick Ball	",35,"	Self employed	",73093,"	Apr	","	Friend Referal	"
184,"	Evan Mccarthy	",36,"	Self employed	",68994,"	Dec	","	Friend Referal	"
185,"	Elliott Elliott	",62,"	IT	",38400,"	Feb	","	Facebook	"
186,"	Owen Burke	",40,"	Teaching	",54039,"	Oct	","	Google Awards	"
187,"	Teddy Gallagher	",68,"	Teaching	",62120,"	May	","	Third Party	"
188,"	Finlay Duncan	",36,"	Self employed	",73400,"	Sep	","	Third Party	"
189,"	Caleb Cooke	",59,"	IT	",21581,"	Mar	","	Friend Referal	"
190,"	Ibrahim Austin	",56,"	Teaching	",43274,"	Jul	","	Friend Referal	"
191,"	Ronnie Read	",31,"	Enginnering	",28836,"	Jan	","	Friend Referal	"
192,"	Felix Wallace	",56,"	Self employed	",42505,"	Jan	","	Google Awards	"
193,"	Aiden Hawkins	",42,"	Consulting	",38964,"	May	","	Google Awards	"
194,"	Cameron Hayes	",65,"	Coaching	",58309,"	Aug	","	Yellow Page	"
195,"	Austin Francis	",48,"	Lawyer	",46042,"	Mar	","	Facebook	"
196,"	Kian Sutton	",29,"	Coaching	",28480,"	Oct	","	Friend Referal	"
197,"	Rory Davidson	",59,"	Coaching	",64845,"	Nov	","	Yellow Page	"
198,"	Seth Sharp	",53,"	Self employed	",40090,"	Jan	","	Third Party	"
199,"	Robert Holland	",43,"	Teaching	",59936,"	Apr	","	Friend Referal	"
200,"	Albert Moss	",57,"	Enginnering	",10196,"	Dec	","	Google Awards	"
201,"	Sonny May	",43,"	Lawyer	",21591,"	Jul	","	Third Party	"
202,"	Amelia Bates	",47,"	Lawyer	",30652,"	Apr	","	Google Awards	"
203,"	Olivia Morrison	",37,"	Consulting	",74331,"	Jan	","	Facebook	"
204,"	Emily Bob	",66,"	Teaching	",23821,"	Feb	","	Facebook	"
205,"	Ava Oliver	",62,"	Consulting	",50964,"	Sep	","	Yellow Page	"
206,"	Isla Kemp	",50,"	Enginnering	",42500,"	Jan	","	Facebook	"
207,"	Jessica Page	",70,"	IT	",35615,"	Apr	","	Yellow Page	"
208,"	Poppy Arnold	",66,"	Self employed	",25405,"	Jul	","	Friend Referal	"
209,"	Isabella Shah	",33,"	Teaching	",25771,"	Mar	","	Facebook	"
210,"	Sophie Stevenson	",23,"	Consulting	",26420,"	Feb	","	Google Awards	"
211,"	Mia Ford	",38,"	Doctor	",57022,"	Apr	","	Friend Referal	"
212,"	Ruby Potter	",52,"	Teaching	",74787,"	Sep	","	Third Party	"
213,"	Lily Flynn	",48,"	IT	",56854,"	Mar	","	Third Party	"
214,"	Grace Warren	",52,"	Coaching	",26873,"	Dec	","	Friend Referal	"
215,"	Evie Kent	",66,"	Doctor	",21316,"	Nov	","	Third Party	"
216,"	Sophia Alexander	",52,"	Enginnering	",22551,"	May	","	Google Awards	"
217,"	Ella Field	",61,"	Doctor	",44634,"	Oct	","	Google Awards	"
218,"	Scarlett Freeman	",48,"	Teaching	",51474,"	Apr	","	Facebook	"
219,"	Chloe Begum	",66,"	Doctor	",37934,"	Jan	","	Yellow Page	"
220,"	Isabelle Rhodes	",44,"	Lawyer	",59670,"	May	","	Facebook	"
221,"	Freya O	",26,"	IT	",9018,"	Jan	","	Yellow Page	"
222,"	Charlotte Middleton	",31,"	Consulting	",39768,"	Jun	","	Yellow Page	"
223,"	Sienna Payne	",40,"	Enginnering	",19934,"	Dec	","	Friend Referal	"
224,"	Daisy Stephenson	",34,"	Lawyer	",13498,"	Jul	","	Yellow Page	"
225,"	Phoebe Pritchard	",45,"	Consulting	",51033,"	Apr	","	Google Awards	"
226,"	Millie Gregory	",34,"	Doctor	",66078,"	Feb	","	Friend Referal	"
227,"	Eva Bond	",29,"	Doctor	",22971,"	Dec	","	Yellow Page	"
228,"	Alice Webster	",27,"	Consulting	",52503,"	Jun	","	Friend Referal	"
229,"	Lucy Dunn	",43,"	Consulting	",33072,"	Apr	","	Third Party	"
230,"	Florence Donnelly	",30,"	Teaching	",65473,"	Dec	","	Google Awards	"
231,"	Sofia Lucas	",38,"	Lawyer	",47173,"	Nov	","	Facebook	"
232,"	Layla Long	",46,"	Enginnering	",48151,"	Jul	","	Facebook	"
233,"	Lola Jarvis	",40,"	Doctor	",31297,"	Aug	","	Friend Referal	"
234,"	Holly Cross	",25,"	Self employed	",69299,"	Mar	","	Friend Referal	"
235,"	Imogen Stephens	",25,"	Consulting	",39414,"	Feb	","	Facebook	"
236,"	Molly Reed	",45,"	Coaching	",74495,"	May	","	Google Awards	"
237,"	Matilda Coleman	",27,"	Self employed	",62985,"	Feb	","	Friend Referal	"
238,"	Lilly Nicholls	",60,"	Consulting	",25590,"	Apr	","	Facebook	"
239,"	Rosie Bull	",64,"	Teaching	",25372,"	Jun	","	Google Awards	"
240,"	Elizabeth Bartlett	",40,"	Self employed	",75501,"	Dec	","	Friend Referal	"
241,"	Erin Obrien	",43,"	Teaching	",30065,"	Apr	","	Facebook	"
242,"	Maisie Curtis	",69,"	Coaching	",67645,"	Oct	","	Friend Referal	"
243,"	Lexi Bird	",55,"	IT	",17136,"	Apr	","	Friend Referal	"
244,"	Ellie Patterson	",28,"	Consulting	",9402,"	Nov	","	Facebook	"
245,"	Hannah Tucker	",32,"	Consulting	",59331,"	Aug	","	Yellow Page	"
246,"	Evelyn Bryant	",31,"	Enginnering	",39795,"	Feb	","	Third Party	"
247,"	Abigail Lynch	",40,"	Teaching	",42070,"	Jun	","	Friend Referal	"
248,"	Elsie Mackenzie	",32,"	IT	",49537,"	Dec	","	Friend Referal	"
249,"	Summer Ferguson	",64,"	IT	",51078,"	Apr	","	Google Awards	"
250,"	Megan Cameron	",66,"	Self employed	",58032,"	Aug	","	Google Awards	"
251,"	Jasmine Lopez	",33,"	IT	",52532,"	May	","	Third Party	"
252,"	Maya Haynes	",47,"	IT	",41612,"	Apr	","	Third Party	"
253,"	Amelie Bolton	",70,"	Self employed	",51606,"	Jul	","	Yellow Page	"
254,"	Lacey Hardy	",70,"	Doctor	",54049,"	Jan	","	Facebook	"
255,"	Willow Heath	",47,"	Doctor	",10352,"	Mar	","	Facebook	"
256,"	Emma Davey	",39,"	Coaching	",59912,"	Sep	","	Yellow Page	"
257,"	Bella Rice	",27,"	Coaching	",8966,"	Sep	","	Third Party	"
258,"	Eleanor Jacobs	",49,"	Coaching	",29927,"	Apr	","	Friend Referal	"
259,"	Esme Parsons	",55,"	Coaching	",59025,"	Nov	","	Third Party	"
260,"	Eliza Ashton	",42,"	Self employed	",26011,"	Apr	","	Third Party	"
261,"	Georgia Robson	",35,"	Coaching	",26041,"	Aug	","	Google Awards	"
262,"	Harriet French	",30,"	Self employed	",46078,"	Mar	","	Google Awards	"
263,"	Gracie Farrell	",30,"	Teaching	",54047,"	Jan	","	Google Awards	"
264,"	Annabelle Walton	",42,"	Self employed	",60751,"	Jun	","	Yellow Page	"
265,"	Emilia Gilbert	",39,"	Teaching	",62891,"	Feb	","	Yellow Page	"
266,"	Amber Mcintyre	",52,"	Teaching	",27034,"	May	","	Yellow Page	"
267,"	Ivy Newton	",49,"	Enginnering	",62723,"	Apr	","	Yellow Page	"
268,"	Brooke Norman	",56,"	Lawyer	",10275,"	May	","	Google Awards	"
269,"	Rose Higgins	",31,"	Consulting	",17520,"	Nov	","	Google Awards	"
270,"	Anna Hodgson	",34,"	IT	",56947,"	Jan	","	Yellow Page	"
271,"	Zara Sutherland	",38,"	IT	",60671,"	Sep	","	Yellow Page	"
272,"	Leah Kay	",35,"	IT	",72397,"	Jan	","	Google Awards	"
273,"	Mollie Bishop	",39,"	Lawyer	",49900,"	Nov	","	Google Awards	"
274,"	Martha Burgess	",44,"	Teaching	",31128,"	May	","	Google Awards	"
275,"	Faith Simmons	",38,"	Self employed	",30344,"	Jan	","	Yellow Page	"
276,"	Hollie Hutchinson	",26,"	Doctor	",52157,"	Dec	","	Facebook	"
277,"	Amy Moran	",32,"	Coaching	",54530,"	Dec	","	Third Party	"
278,"	Bethany Frost	",55,"	Consulting	",51084,"	Aug	","	Yellow Page	"
279,"	Violet Sharma	",40,"	Teaching	",34604,"	Nov	","	Yellow Page	"
280,"	Katie Slater	",39,"	Doctor	",69297,"	Jan	","	Third Party	"
281,"	Maryam Greenwood	",57,"	IT	",50459,"	Jan	","	Yellow Page	"
282,"	Francesca Kirk	",66,"	Doctor	",53047,"	Feb	","	Third Party	"
283,"	Julia Fernandez	",51,"	IT	",8516,"	Oct	","	Google Awards	"
284,"	Maria Garcia	",35,"	Enginnering	",49411,"	Apr	","	Friend Referal	"
285,"	Darcey Atkins	",60,"	Enginnering	",13661,"	Aug	","	Friend Referal	"
286,"	Isabel Daniel	",33,"	Lawyer	",27160,"	Oct	","	Facebook	"
287,"	Tilly Beattie	",45,"	Self employed	",62154,"	Apr	","	Third Party	"
288,"	Maddison Maxwell	",28,"	Teaching	",23464,"	Jan	","	Yellow Page	"
289,"	Victoria Todd	",25,"	Teaching	",49291,"	Sep	","	Friend Referal	"
290,"	Isobel Charles	",69,"	Lawyer	",29209,"	Nov	","	Google Awards	"
291,"	Niamh Paul	",63,"	Consulting	",8610,"	Mar	","	Facebook	"
292,"	Skye Crawford	",55,"	Enginnering	",73258,"	Jul	","	Third Party	"
293,"	Madison Oconnor	",38,"	Enginnering	",56470,"	Oct	","	Third Party	"
294,"	Darcy Park	",55,"	Self employed	",12162,"	Nov	","	Third Party	"
295,"	Aisha Forrest	",28,"	Consulting	",65294,"	Apr	","	Facebook	"
296,"	Beatrice Love	",44,"	Coaching	",73742,"	Aug	","	Facebook	"
297,"	Sarah Rowland	",22,"	Consulting	",42772,"	Mar	","	Third Party	"
298,"	Zoe Connolly	",41,"	Doctor	",63867,"	Aug	","	Google Awards	"
299,"	Paige Sheppard	",27,"	Self employed	",16533,"	Mar	","	Facebook	"
300,"	Heidi Harding	",47,"	Self employed	",63991,"	Oct	","	Yellow Page	"
301,"	Lydia Banks	",48,"	IT	",50993,"	Aug	","	Facebook	"
302,"	Sara Rowe	",43,"	Enginnering	",37641,"	Jan	","	Friend Referal	"
303,"	Oliver Humphreys	",25,"	Lawyer	",13515,"	Jul	","	Yellow Page	"
304,"	Jack Garner	",29,"	Enginnering	",14131,"	Jan	","	Facebook	"
305,"	Harry Glover	",60,"	IT	",6881,"	Mar	","	Facebook	"
306,"	Jacob Sanderson	",49,"	Coaching	",56564,"	Jul	","	Third Party	"
307,"	Charlie Jeffery	",47,"	Teaching	",10678,"	Mar	","	Third Party	"
308,"	Thomas Goodwin	",56,"	Enginnering	",29127,"	Oct	","	Facebook	"
309,"	Oscar Hewitt	",46,"	Consulting	",43903,"	Oct	","	Third Party	"
310,"	William Daniels	",66,"	Self employed	",43792,"	Jul	","	Third Party	"
311,"	James David	",35,"	Coaching	",45389,"	Jul	","	Friend Referal	"
312,"	George Sullivan	",36,"	Consulting	",47786,"	Dec	","	Google Awards	"
313,"	Alfie Yates	",50,"	Enginnering	",33330,"	Oct	","	Friend Referal	"
314,"	Joshua Howe	",58,"	Self employed	",75305,"	Jan	","	Friend Referal	"
315,"	Noah Mackay	",60,"	Teaching	",31292,"	Nov	","	Third Party	"
316,"	Ethan Hammond	",60,"	Lawyer	",20868,"	Sep	","	Friend Referal	"
317,"	Muhammad Carpenter	",66,"	IT	",31385,"	Jun	","	Third Party	"
318,"	Archie Miles	",32,"	Self employed	",12257,"	Mar	","	Friend Referal	"
319,"	Leo Brady	",70,"	Lawyer	",70414,"	Oct	","	Third Party	"
320,"	Henry Preston	",38,"	Lawyer	",14161,"	Sep	","	Friend Referal	"
321,"	Joseph Mcleod	",26,"	Lawyer	",13405,"	Sep	","	Yellow Page	"
322,"	Samuel Lambert	",65,"	Teaching	",53863,"	Jul	","	Friend Referal	"
323,"	Riley Knowles	",61,"	Self employed	",36956,"	Jan	","	Google Awards	"
324,"	Daniel Leigh	",29,"	Self employed	",34363,"	Nov	","	Third Party	"
325,"	Mohammed Hope	",61,"	Enginnering	",66013,"	Apr	","	Facebook	"
326,"	Alexander Atherton	",50,"	Teaching	",44028,"	Jan	","	Google Awards	"
327,"	Max Barton	",64,"	Enginnering	",32837,"	Feb	","	Google Awards	"
328,"	Lucas Finch	",62,"	Consulting	",23740,"	Jul	","	Friend Referal	"
329,"	Mason Blake	",61,"	Enginnering	",43319,"	Aug	","	Facebook	"
330,"	Logan Fuller	",50,"	Self employed	",68809,"	Feb	","	Third Party	"
331,"	Isaac Henry	",57,"	Enginnering	",22764,"	May	","	Google Awards	"
332,"	Benjamin Coates	",64,"	Enginnering	",7817,"	Sep	","	Yellow Page	"
333,"	Dylan Hobbs	",40,"	Self employed	",25300,"	Mar	","	Yellow Page	"
334,"	Jake Morton	",45,"	Enginnering	",47726,"	Jun	","	Friend Referal	"
335,"	Edward Howells	",40,"	Enginnering	",51659,"	Sep	","	Friend Referal	"
336,"	Finley Davison	",54,"	Teaching	",39366,"	Jul	","	Yellow Page	"
337,"	Freddie Owens	",25,"	Doctor	",22137,"	Dec	","	Facebook	"
338,"	Harrison Gough	",38,"	Consulting	",74984,"	Apr	","	Facebook	"
339,"	Tyler Dennis	",23,"	IT	",25637,"	Mar	","	Google Awards	"
340,"	Sebastian Wilkins	",57,"	Enginnering	",21060,"	Jan	","	Facebook	"
341,"	Zachary Duffy	",52,"	IT	",40575,"	Jun	","	Facebook	"
342,"	Adam Woodward	",37,"	Enginnering	",31932,"	Apr	","	Google Awards	"
343,"	Theo Griffin	",25,"	IT	",72454,"	Aug	","	Yellow Page	"
344,"	Jayden Bloggs	",48,"	Coaching	",75149,"	Feb	","	Yellow Page	"
345,"	Arthur Paterson	",64,"	Doctor	",29848,"	Apr	","	Google Awards	"
346,"	Toby Charlton	",26,"	Consulting	",39308,"	Nov	","	Friend Referal	"
347,"	Luke Vincent	",36,"	Enginnering	",70373,"	Nov	","	Google Awards	"
348,"	Lewis Wall	",70,"	Lawyer	",73682,"	Nov	","	Yellow Page	"
349,"	Matthew Bowen	",50,"	Lawyer	",28225,"	Mar	","	Third Party	"
350,"	Harvey Browne	",67,"	Lawyer	",35282,"	Sep	","	Google Awards	"
351,"	Harley Donaldson	",69,"	Consulting	",43938,"	Jun	","	Facebook	"
352,"	David Rodgers	",41,"	IT	",37354,"	Jan	","	Friend Referal	"
353,"	Ryan Christie	",39,"	Lawyer	",28764,"	May	","	Third Party	"
354,"	Tommy Gibbons	",41,"	Consulting	",41689,"	Jun	","	Google Awards	"
355,"	Michael Wheeler	",56,"	Lawyer	",72880,"	Feb	","	Google Awards	"
356,"	Reuben Smart	",44,"	Doctor	",12230,"	Feb	","	Google Awards	"
357,"	Nathan Steele	",64,"	Lawyer	",57494,"	Oct	","	Google Awards	"
358,"	Blake Bentley	",34,"	Consulting	",18809,"	Oct	","	Facebook	"
359,"	Mohammad Quinn	",31,"	Coaching	",18420,"	Sep	","	Google Awards	"
360,"	Jenson Hartley	",35,"	IT	",11780,"	Mar	","	Third Party	"
361,"	Bobby Barnett	",63,"	Coaching	",14934,"	Mar	","	Yellow Page	"
362,"	Luca Randall	",51,"	Consulting	",41537,"	Mar	","	Yellow Page	"
363,"	Charles Sweeney	",50,"	Coaching	",71617,"	Oct	","	Third Party	"
364,"	Frankie Fowler	",22,"	Coaching	",72845,"	Aug	","	Yellow Page	"
365,"	Dexter Allan	",65,"	IT	",65755,"	Nov	","	Third Party	"
366,"	Kai Brennan	",67,"	Teaching	",40202,"	Nov	","	Facebook	"
367,"	Alex Douglas	",60,"	Enginnering	",30558,"	Jan	","	Yellow Page	"
368,"	Connor Holt	",67,"	Self employed	",38560,"	Mar	","	Yellow Page	"
369,"	Liam Howell	",32,"	IT	",33096,"	Apr	","	Third Party	"
370,"	Jamie Bowden	",44,"	IT	",73772,"	May	","	Friend Referal	"
371,"	Elijah Cartwright	",38,"	Lawyer	",54079,"	Mar	","	Friend Referal	"
372,"	Stanley Baird	",58,"	Doctor	",30011,"	Jun	","	Facebook	"
373,"	Louie Watkins	",47,"	Enginnering	",62009,"	Jan	","	Facebook	"
374,"	Jude Kerr	",68,"	Self employed	",30841,"	Jun	","	Third Party	"
375,"	Callum Dickson	",65,"	Enginnering	",14543,"	Sep	","	Google Awards	"
376,"	Hugo Benson	",64,"	Doctor	",14412,"	Jun	","	Third Party	"
377,"	Leon Goddard	",69,"	Enginnering	",40314,"	Dec	","	Friend Referal	"
378,"	Elliot Millar	",28,"	Coaching	",28561,"	Nov	","	Facebook	"
379,"	Louis Broadhurst	",53,"	Doctor	",12110,"	Feb	","	Third Party	"
380,"	Theodore Doherty	",46,"	Teaching	",75582,"	Dec	","	Yellow Page	"
381,"	Gabriel Holden	",45,"	Self employed	",17657,"	Aug	","	Facebook	"
382,"	Ollie Singh	",36,"	Teaching	",72156,"	Jan	","	Google Awards	"
383,"	Aaron Tait	",68,"	IT	",46275,"	Jun	","	Friend Referal	"
384,"	Frederick Reilly	",64,"	Lawyer	",65341,"	May	","	Yellow Page	"
385,"	Evan Thorne	",62,"	Lawyer	",60263,"	Oct	","	Facebook	"
386,"	Elliott Wyatt	",24,"	Self employed	",42451,"	Mar	","	Facebook	"
387,"	Owen Power	",24,"	Lawyer	",41697,"	Nov	","	Third Party	"
388,"	Teddy Leach	",50,"	Teaching	",55017,"	Apr	","	Yellow Page	"
389,"	Finlay Lord	",68,"	Doctor	",17861,"	Mar	","	Facebook	"
390,"	Caleb Nelson	",33,"	Coaching	",71797,"	Mar	","	Yellow Page	"
391,"	Ibrahim Hilton	",40,"	Consulting	",16648,"	Mar	","	Facebook	"
392,"	Ronnie Adam	",56,"	IT	",10454,"	Mar	","	Friend Referal	"
393,"	Felix Mcgregor	",34,"	Teaching	",47796,"	Nov	","	Google Awards	"
394,"	Aiden Mclean	",48,"	Teaching	",24461,"	Dec	","	Friend Referal	"
395,"	Cameron Walters	",46,"	Consulting	",50913,"	Dec	","	Google Awards	"
396,"	Austin Jennings	",47,"	Coaching	",46147,"	Oct	","	Friend Referal	"
397,"	Kian Lindsay	",31,"	Enginnering	",13605,"	Apr	","	Friend Referal	"
398,"	Rory Nash	",60,"	Enginnering	",66626,"	Nov	","	Yellow Page	"
399,"	Seth Hancock	",30,"	Doctor	",66016,"	Dec	","	Yellow Page	"
400,"	Robert Hooper	",57,"	IT	",41073,"	Apr	","	Third Party	"
401,"	Albert Carroll	",25,"	Consulting	",8747,"	Jul	","	Facebook	"
402,"	Sonny Silva	",31,"	Lawyer	",36266,"	Oct	","	Third Party	"
403,"	Amelia Chadwick	",68,"	Enginnering	",61475,"	Aug	","	Third Party	"
404,"	Olivia Abbott	",58,"	Coaching	",25028,"	Jun	","	Third Party	"
405,"	Emily Stuart	",24,"	Doctor	",43043,"	Apr	","	Third Party	"
406,"	Ava Mellor	",55,"	Coaching	",73221,"	Aug	","	Third Party	"
407,"	Isla Seymour	",63,"	Doctor	",53356,"	Mar	","	Friend Referal	"
408,"	Jessica Boyd	",24,"	Enginnering	",72347,"	Jun	","	Google Awards	"
409,"	Poppy Perkins	",39,"	Self employed	",43912,"	Feb	","	Third Party	"
410,"	Isabella Dale	",49,"	Doctor	",29488,"	Jun	","	Google Awards	"
411,"	Sophie Mann	",28,"	Teaching	",13108,"	Mar	","	Facebook	"
412,"	Mia Mac	",40,"	Self employed	",22913,"	Jan	","	Google Awards	"
413,"	Ruby Haines	",37,"	Self employed	",75443,"	Feb	","	Yellow Page	"
414,"	Lily Whelan	",31,"	Self employed	",31467,"	Nov	","	Facebook	"
415,"	Grace Peters	",55,"	Doctor	",12239,"	May	","	Friend Referal	"
416,"	Evie Obrien	",28,"	Teaching	",70751,"	Apr	","	Third Party	"
417,"	Sophia Savage	",55,"	Enginnering	",64264,"	May	","	Third Party	"
418,"	Ella Barlow	",62,"	Coaching	",6701,"	Mar	","	Third Party	"
419,"	Scarlett Sanders	",48,"	Teaching	",57102,"	Dec	","	Third Party	"
420,"	Chloe Mohamed	",53,"	Self employed	",56980,"	May	","	Third Party	"
421,"	Isabelle Kenny	",38,"	Self employed	",8785,"	Feb	","	Facebook	"
422,"	Freya Baldwin	",62,"	IT	",20515,"	Oct	","	Google Awards	"
423,"	Charlotte Mcgrath	",34,"	Coaching	",13761,"	Oct	","	Facebook	"
424,"	Sienna Thornton	",60,"	Doctor	",73184,"	May	","	Friend Referal	"
425,"	Daisy Joyce	",49,"	Consulting	",72951,"	Apr	","	Third Party	"
426,"	Phoebe Blair	",49,"	Coaching	",37821,"	Dec	","	Third Party	"
427,"	Millie Whitehouse	",36,"	Consulting	",34423,"	Mar	","	Yellow Page	"
428,"	Eva Weaver	",24,"	IT	",57440,"	Nov	","	Google Awards	"
429,"	Alice Shepherd	",48,"	Doctor	",52388,"	Oct	","	Friend Referal	"
430,"	Lucy Whitehead	",32,"	Self employed	",35294,"	Aug	","	Yellow Page	"
431,"	Florence Little	",45,"	Coaching	",34947,"	Jan	","	Third Party	"
432,"	Sofia Cullen	",31,"	Self employed	",40930,"	Jun	","	Friend Referal	"
433,"	Layla Burrows	",35,"	Self employed	",47613,"	Mar	","	Google Awards	"
434,"	Lola Mcfarlane	",54,"	IT	",65458,"	Aug	","	Friend Referal	"
435,"	Holly Sinclair	",22,"	Enginnering	",19391,"	Apr	","	Google Awards	"
436,"	Imogen Swift	",39,"	Coaching	",12536,"	Feb	","	Friend Referal	"
437,"	Molly Fleming	",26,"	Self employed	",39016,"	Apr	","	Facebook	"
438,"	Matilda Buckley	",67,"	Lawyer	",73336,"	Oct	","	Google Awards	"
439,"	Lilly Welch	",67,"	Coaching	",13126,"	Sep	","	Google Awards	"
440,"	Rosie Vaughan	",70,"	Enginnering	",51885,"	Nov	","	Google Awards	"
441,"	Elizabeth Bradshaw	",70,"	IT	",39792,"	May	","	Third Party	"
442,"	Erin Naylor	",39,"	Lawyer	",31393,"	Dec	","	Third Party	"
443,"	Maisie Summers	",23,"	Enginnering	",72107,"	Feb	","	Facebook	"
444,"	Lexi Briggs	",24,"	Enginnering	",6912,"	Feb	","	Yellow Page	"
445,"	Ellie Schofield	",60,"	IT	",41433,"	Jan	","	Third Party	"
446,"	Hannah Osborne	",46,"	Doctor	",49968,"	Sep	","	Facebook	"
447,"	Evelyn Coles	",69,"	Self employed	",17815,"	Jul	","	Third Party	"
448,"	Abigail Akhtar	",46,"	Doctor	",50229,"	Sep	","	Friend Referal	"
449,"	Elsie Cassidy	",56,"	Coaching	",74593,"	Jun	","	Friend Referal	"
450,"	Summer Rossi	",26,"	Lawyer	",68129,"	Aug	","	Yellow Page	"
451,"	Megan Giles	",68,"	Coaching	",57855,"	Jan	","	Third Party	"
452,"	Jasmine Whittaker	",70,"	Self employed	",40563,"	Sep	","	Third Party	"
453,"	Maya Herbert	",67,"	IT	",18158,"	Apr	","	Facebook	"
454,"	Amelie Hicks	",55,"	IT	",27907,"	Oct	","	Google Awards	"
455,"	Lacey Bourne	",60,"	Coaching	",32680,"	Nov	","	Friend Referal	"
456,"	Willow Faulkner	",66,"	Teaching	",46095,"	Jun	","	Facebook	"
457,"	Emma Weston	",69,"	Coaching	",27497,"	Feb	","	Friend Referal	"
458,"	Bella Oneill	",49,"	Lawyer	",69691,"	Mar	","	Third Party	"
459,"	Eleanor Bray	",33,"	Coaching	",20374,"	Jan	","	Facebook	"
460,"	Esme Humphrey	",50,"	Self employed	",71742,"	Aug	","	Yellow Page	"
461,"	Eliza Spence	",66,"	Consulting	",23817,"	Feb	","	Yellow Page	"
462,"	Georgia Partridge	",32,"	Teaching	",36535,"	Mar	","	Third Party	"
463,"	Harriet Johns	",28,"	Doctor	",47641,"	Apr	","	Facebook	"
464,"	Gracie Morley	",46,"	Self employed	",42523,"	Oct	","	Third Party	"
465,"	Annabelle Welsh	",52,"	IT	",9757,"	Oct	","	Third Party	"
466,"	Emilia Kaye	",34,"	Doctor	",71054,"	Oct	","	Yellow Page	"
467,"	Amber Bush	",48,"	Doctor	",33140,"	Jun	","	Google Awards	"
468,"	Ivy Rooney	",35,"	Doctor	",48952,"	Mar	","	Friend Referal	"
469,"	Brooke Craig	",25,"	Teaching	",27112,"	Dec	","	Facebook	"
470,"	Rose Fitzgerald	",47,"	Coaching	",53180,"	May	","	Third Party	"
471,"	Anna Gardiner	",58,"	Lawyer	",57862,"	Feb	","	Friend Referal	"
472,"	Zara Whittle	",46,"	Coaching	",35296,"	Mar	","	Third Party	"
473,"	Leah Laing	",49,"	Self employed	",56072,"	May	","	Google Awards	"
474,"	Mollie Pollard	",52,"	Coaching	",25345,"	Jul	","	Facebook	"
475,"	Martha Mccann	",30,"	Teaching	",38938,"	Apr	","	Facebook	"
476,"	Faith Wilkes	",24,"	Doctor	",8506,"	Nov	","	Yellow Page	"
477,"	Hollie Drew	",46,"	Enginnering	",14124,"	Jan	","	Friend Referal	"
478,"	Amy Armitage	",56,"	IT	",32117,"	Aug	","	Friend Referal	"
479,"	Bethany Bright	",47,"	IT	",18416,"	Feb	","	Facebook	"
480,"	Violet Hills	",43,"	Consulting	",43822,"	Mar	","	Friend Referal	"
481,"	Katie English	",37,"	Coaching	",20703,"	Sep	","	Friend Referal	"
482,"	Maryam Devlin	",44,"	Doctor	",51682,"	Sep	","	Friend Referal	"
483,"	Francesca Winter	",50,"	Lawyer	",57279,"	May	","	Yellow Page	"
484,"	Julia Howarth	",64,"	Self employed	",32858,"	Jun	","	Friend Referal	"
485,"	Maria Horne	",67,"	Consulting	",70178,"	Dec	","	Friend Referal	"
486,"	Darcey Singleton	",30,"	Doctor	",37701,"	Sep	","	Facebook	"
487,"	Isabel Lovell	",53,"	Teaching	",23283,"	Mar	","	Facebook	"
488,"	Tilly Best	",38,"	IT	",66103,"	Mar	","	Third Party	"
489,"	Maddison Kavanagh	",34,"	Coaching	",49129,"	Jul	","	Third Party	"
490,"	Victoria Appleton	",55,"	Coaching	",54700,"	Sep	","	Friend Referal	"
491,"	Isobel Gibbs	",62,"	Consulting	",7549,"	Mar	","	Yellow Page	"
492,"	Niamh Rawlings	",38,"	Enginnering	",9851,"	Aug	","	Google Awards	"
493,"	Skye Mckenna	",50,"	Doctor	",56302,"	Jun	","	Yellow Page	"
494,"	Madison Turnbull	",66,"	Consulting	",39169,"	Mar	","	Facebook	"
495,"	Darcy Bernard	",27,"	Teaching	",71596,"	Jun	","	Friend Referal	"
496,"	Aisha Stanton	",23,"	Self employed	",38426,"	Jun	","	Facebook	"
497,"	Beatrice Kirby	",31,"	Doctor	",37432,"	Feb	","	Facebook	"
498,"	Sarah Wills	",30,"	Self employed	",64076,"	Nov	","	Friend Referal	"
499,"	Zoe Carey	",26,"	Doctor	",66824,"	Jan	","	Friend Referal	"
500,"	Paige Sawyer	",37,"	Lawyer	",31828,"	Mar	","	Third Party	"
501,"	Heidi Crossley	",27,"	IT	",8244,"	Jan	","	Third Party	"
502,"	Lydia Piper	",44,"	Lawyer	",13613,"	Aug	","	Friend Referal	"
503,"	Sara Joseph	",70,"	Self employed	",37155,"	Apr	","	Google Awards	"
504,"	Oliver Fenton	",48,"	Lawyer	",49980,"	Jul	","	Third Party	"
505,"	Jack Bruce	",58,"	Self employed	",43179,"	Dec	","	Facebook	"
506,"	Harry Connor	",61,"	Consulting	",64869,"	Feb	","	Third Party	"
507,"	Jacob Reeves	",59,"	Coaching	",69943,"	Jun	","	Friend Referal	"
508,"	Charlie Norris	",37,"	Consulting	",54737,"	Feb	","	Google Awards	"
509,"	Thomas Needham	",52,"	IT	",39624,"	Sep	","	Friend Referal	"
510,"	Oscar Firth	",37,"	Enginnering	",14632,"	Aug	","	Friend Referal	"
511,"	William Clarkson	",38,"	Coaching	",38332,"	Feb	","	Google Awards	"
512,"	James Dyer	",68,"	Doctor	",45478,"	Jun	","	Facebook	"
513,"	George Brookes	",36,"	Consulting	",38464,"	Nov	","	Facebook	"
514,"	Alfie Townsend	",64,"	Consulting	",12196,"	Nov	","	Google Awards	"
515,"	Joshua Cairns	",53,"	Consulting	",30878,"	Nov	","	Yellow Page	"
516,"	Noah Guest	",57,"	Lawyer	",22665,"	Aug	","	Third Party	"
517,"	Ethan Wallis	",61,"	Enginnering	",50043,"	Dec	","	Yellow Page	"
518,"	Muhammad Thorpe	",30,"	Consulting	",64206,"	Dec	","	Google Awards	"
519,"	Archie Parkinson	",69,"	IT	",17676,"	Sep	","	Friend Referal	"
520,"	Leo Sykes	",65,"	Self employed	",38738,"	Jul	","	Google Awards	"
521,"	Henry Lees	",24,"	Coaching	",20327,"	Mar	","	Google Awards	"
522,"	Joseph Gale	",58,"	IT	",74121,"	Nov	","	Facebook	"
523,"	Samuel Blackburn	",51,"	Coaching	",22305,"	Jun	","	Google Awards	"
524,"	Riley Holloway	",70,"	Coaching	",48215,"	Dec	","	Facebook	"
525,"	Daniel Hurst	",34,"	Coaching	",60124,"	Nov	","	Google Awards	"
526,"	Mohammed Mcintosh	",27,"	Enginnering	",55894,"	Sep	","	Friend Referal	"
527,"	Alexander Smyth	",33,"	Teaching	",28683,"	Aug	","	Third Party	"
528,"	Max Conway	",69,"	Coaching	",45910,"	Feb	","	Third Party	"
529,"	Lucas Bowman	",34,"	Coaching	",34829,"	Feb	","	Facebook	"
530,"	Mason Mclaughlin	",27,"	Doctor	",45835,"	Feb	","	Friend Referal	"
531,"	Logan Senior	",31,"	Self employed	",47172,"	Feb	","	Friend Referal	"
532,"	Isaac Bassett	",59,"	Teaching	",54711,"	Apr	","	Google Awards	"
533,"	Benjamin Collier	",40,"	Enginnering	",20194,"	Sep	","	Facebook	"
534,"	Dylan Corbett	",42,"	Self employed	",56229,"	Jan	","	Third Party	"
535,"	Jake Heaton	",36,"	Lawyer	",16990,"	Apr	","	Third Party	"
536,"	Edward Curry	",29,"	IT	",60768,"	Feb	","	Google Awards	"
537,"	Finley Humphries	",52,"	Consulting	",20578,"	Jul	","	Third Party	"
538,"	Freddie Copeland	",64,"	Lawyer	",26791,"	Jun	","	Facebook	"
539,"	Harrison Fitzpatrick	",54,"	Consulting	",71982,"	Nov	","	Google Awards	"
540,"	Tyler Sloan	",22,"	Teaching	",58401,"	Dec	","	Google Awards	"
541,"	Sebastian Parr	",51,"	Enginnering	",60538,"	Sep	","	Third Party	"
542,"	Zachary Archer	",51,"	Doctor	",33720,"	Aug	","	Third Party	"
543,"	Adam Hough	",56,"	Consulting	",17241,"	Jun	","	Facebook	"
544,"	Theo Ireland	",68,"	Teaching	",62240,"	May	","	Yellow Page	"
545,"	Jayden Tomlinson	",42,"	Teaching	",15897,"	Sep	","	Friend Referal	"
546,"	Arthur Edge	",58,"	Self employed	",16971,"	Jul	","	Third Party	"
547,"	Toby Burt	",54,"	Coaching	",49411,"	Mar	","	Google Awards	"
548,"	Luke Stokes	",28,"	Self employed	",45868,"	Dec	","	Friend Referal	"
549,"	Lewis Cope	",62,"	Teaching	",30448,"	Jul	","	Facebook	"
550,"	Matthew Tanner	",57,"	Teaching	",69326,"	Feb	","	Friend Referal	"
551,"	Harvey Chandler	",57,"	Self employed	",11356,"	Nov	","	Third Party	"
552,"	Harley Tyler	",47,"	Enginnering	",73685,"	Apr	","	Google Awards	"
553,"	David Goodman	",24,"	Teaching	",44594,"	Nov	","	Friend Referal	"
554,"	Ryan Mckay	",61,"	Lawyer	",50975,"	Feb	","	Friend Referal	"
555,"	Tommy Wickens	",30,"	IT	",57352,"	Dec	","	Third Party	"
556,"	Michael Horton	",30,"	Self employed	",57456,"	Apr	","	Third Party	"
557,"	Reuben Stacey	",52,"	Consulting	",33514,"	Apr	","	Google Awards	"
558,"	Nathan Skinner	",30,"	Consulting	",57686,"	Jun	","	Third Party	"
559,"	Blake Shields	",31,"	Lawyer	",37776,"	Nov	","	Third Party	"
560,"	Mohammad Reeve	",32,"	Doctor	",22067,"	Sep	","	Yellow Page	"
561,"	Jenson Mccallum	",44,"	Teaching	",18538,"	Apr	","	Yellow Page	"
562,"	Bobby Noble	",47,"	Coaching	",42362,"	Jan	","	Yellow Page	"
563,"	Luca Whyte	",43,"	Teaching	",39755,"	Nov	","	Facebook	"
564,"	Charles Barr	",67,"	Enginnering	",59296,"	Sep	","	Friend Referal	"
565,"	Frankie Muir	",69,"	Consulting	",46683,"	Apr	","	Friend Referal	"
566,"	Dexter Kane	",31,"	Teaching	",37875,"	Nov	","	Google Awards	"
567,"	Kai Simons	",38,"	Consulting	",28134,"	Dec	","	Google Awards	"
568,"	Alex Cannon	",68,"	Enginnering	",43769,"	Jul	","	Friend Referal	"
569,"	Connor Pope	",46,"	Doctor	",33197,"	Oct	","	Third Party	"
570,"	Liam Barry	",60,"	Teaching	",70270,"	Jul	","	Friend Referal	"
571,"	Jamie Mckenzie	",54,"	Teaching	",47123,"	Feb	","	Yellow Page	"
572,"	Elijah England	",22,"	Teaching	",20248,"	Sep	","	Friend Referal	"
573,"	Stanley Dalton	",63,"	Coaching	",72751,"	Oct	","	Friend Referal	"
574,"	Louie Hanson	",63,"	Coaching	",30820,"	Aug	","	Yellow Page	"
575,"	Jude Mccormack	",27,"	Self employed	",31774,"	Oct	","	Yellow Page	"
576,"	Callum Rahman	",48,"	Enginnering	",59599,"	Dec	","	Friend Referal	"
577,"	Hugo Philip	",22,"	Teaching	",57285,"	Feb	","	Friend Referal	"
578,"	Leon Marriott	",67,"	Lawyer	",20772,"	Mar	","	Friend Referal	"
579,"	Elliot Barclay	",27,"	Teaching	",54593,"	Feb	","	Google Awards	"
580,"	Louis Simon	",68,"	Doctor	",62816,"	Apr	","	Yellow Page	"
581,"	Theodore Logan	",23,"	Self employed	",68612,"	Mar	","	Yellow Page	"
582,"	Gabriel Farrow	",52,"	Coaching	",54560,"	Feb	","	Yellow Page	"
583,"	Ollie Hood	",33,"	IT	",42586,"	Apr	","	Yellow Page	"
584,"	Aaron Flower	",52,"	Consulting	",17430,"	Jun	","	Yellow Page	"
585,"	Frederick Matthams	",53,"	Coaching	",57403,"	Feb	","	Facebook	"
586,"	Evan Wardle	",50,"	Self employed	",7756,"	Jul	","	Yellow Page	"
587,"	Elliott Sims	",53,"	Teaching	",28839,"	Apr	","	Third Party	"
588,"	Owen Woodcock	",57,"	IT	",40039,"	Dec	","	Facebook	"
589,"	Teddy Crowther	",25,"	IT	",58164,"	Apr	","	Google Awards	"
590,"	Finlay Waters	",31,"	Lawyer	",31109,"	Jun	","	Yellow Page	"
591,"	Caleb Mooney	",60,"	Lawyer	",51684,"	Aug	","	Google Awards	"
592,"	Ibrahim Gould	",40,"	IT	",40298,"	Dec	","	Google Awards	"
593,"	Ronnie Malone	",53,"	Lawyer	",10799,"	Jun	","	Friend Referal	"
594,"	Felix Peacock	",57,"	Doctor	",45227,"	Aug	","	Friend Referal	"
595,"	Aiden Gunn	",58,"	Enginnering	",42051,"	Mar	","	Facebook	"
596,"	Cameron Mcneill	",46,"	Coaching	",30930,"	Jun	","	Friend Referal	"
597,"	Austin Davie	",50,"	Teaching	",40769,"	Nov	","	Facebook	"
598,"	Kian Donald	",61,"	Coaching	",68001,"	Oct	","	Yellow Page	"
599,"	Rory Healy	",48,"	Enginnering	",71085,"	Jul	","	Third Party	"
600,"	Seth Mcgill	",41,"	Self employed	",67669,"	Mar	","	Facebook	"
